대분류,중분류,과목명,과목코드
교양기초,기독교의이해,기독교와세계문화,YCA1101
교양기초,기독교의이해,기독교와현대사회,YCA1102
교양기초,기독교의이해,성서와기독교,YCA1103
교양기초,글쓰기,글쓰기,YCB1101
교양기초,글쓰기,글쓰기(심화),YCB1201
대학교양,문학과예술,문학의이해,UCB1107
대학교양,문학과예술,미학,UCB1110
대학교양,문학과예술,영화의이해,UCE1105
대학교양,문학과예술,음악사,UCE1107
대학교양,문학과예술,디자인과문화,UCE1108
대학교양,문학과예술,그리스로마시대의시문학과사상,UCG1126
대학교양,문학과예술,한국미술사,UCJ1104
대학교양,문학과예술,시각예술의이해,UCJ1112
대학교양,문학과예술,한국영화의이해,UCJ1119
대학교양,문학과예술,문화콘텐츠와창조적상상력,UCJ1124
대학교양,문학과예술,"오래된미래,르네상스",YCD1001
대학교양,문학과예술,문학환경과곁사슬문학의이해,YCD1101
대학교양,문학과예술,세계문학과사회적상상력,YCD1103
대학교양,문학과예술,세계문학감상여행,YCD1104
대학교양,문학과예술,노벨문학상수상작가들,YCD1105
대학교양,문학과예술,한국문학과문화읽기,YCD1201
대학교양,문학과예술,중부유럽의문화와예술,YCD1351
대학교양,문학과예술,영화로보는현대음악,YCD1601
대학교양,문학과예술,대중음악의이해,YCD1602
대학교양,문학과예술,문학과영상예술,YCD1652
대학교양,문학과예술,아시아영화탐색,YCD1653
대학교양,문학과예술,고전문학과상상력,YCD1654
대학교양,문학과예술,신화의세계와성서의세계,YCD1655
대학교양,문학과예술,명예특임교수강의시리즈,YCD1998
대학교양,문학과예술,GREAT BOOKS & DEBATE,YCD1999
대학교양,인간과역사,한국근현대사,UCB1101
대학교양,인간과역사,서양문화의유산,UCB1103
대학교양,인간과역사,서양철학사,UCB1105
대학교양,인간과역사,현대사회와심리학,UCD1102
대학교양,인간과역사,우리교육의어제와오늘,UCD1107
대학교양,인간과역사,미술사,UCE1102
대학교양,인간과역사,동아시아와인류문명,UCG1105
대학교양,인간과역사,화면위에쓴역사,UCG1125
대학교양,인간과역사,현대사회와정신건강,UCL1205
대학교양,인간과역사,신화와철학,YCE1001
대학교양,인간과역사,역사란무엇인가,YCE1101
대학교양,인간과역사,동서문화교류와역사,YCE1102
대학교양,인간과역사,전통문화와세계교류,YCE1103
대학교양,인간과역사,20세기한국의역사와세계,YCE1104
대학교양,인간과역사,인류의기원과진화,YCE1105
대학교양,인간과역사,동아시아역사분쟁과한국,YCE1202
대학교양,인간과역사,서울의역사와문화,YCE1203
대학교양,인간과역사,전쟁과역사,YCE1251
대학교양,인간과역사,역사의제국들,YCE1252
대학교양,인간과역사,책의역사로본서구문명,YCE1253
대학교양,인간과역사,이데올로기와역사의대화,YCE1254
대학교양,인간과역사,유럽도시문화공간으로읽는역사,YCE1255
대학교양,인간과역사,현대사회의데이팅과결혼,YCE1551
대학교양,인간과역사,대인관계의심리학,YCE1601
대학교양,인간과역사,마음이란무엇인가,YCE1603
대학교양,인간과역사,성과성차의심리,YCE1604
대학교양,인간과역사,이상행동의심리,YCE1605
대학교양,인간과역사,스트레스의과학과적응의삶,YCE1607
대학교양,인간과역사,명예특임교수강의시리즈,YCE1998
대학교양,인간과역사,GREAT BOOKS & DEBATE,YCE1999
대학교양,언어와표현,고급실용문쓰기,UCJ1131
대학교양,언어와표현,문화로배우는생활프랑스어,UCK1129
대학교양,언어와표현,러시아어연습(1),UCK1130
대학교양,언어와표현,CAREER DEVELOPMENT ENGLISH(ADV),UCK1143
대학교양,언어와표현,델레스페인어특강,UCK1147
대학교양,언어와표현,WORLD ISSUES: ENGLISH THROUGH THE MEDIA(ADV),UCK1150
대학교양,언어와표현,WORLD ISSUES: ENGLISH THROUGH THE MEDIA(HONORS),UCK1158
대학교양,언어와표현,CAREER DEVELOPMENT ENGLISH(HONORS),UCK1159
대학교양,언어와표현,FROM DILEMMAS TO SOLUTIONS: MASTERING THE ART OF PROBLEM SOLVING(HONORS),UCK1165
대학교양,언어와표현,NUTRIVERSE: EXPLORING A WORLD OF HEALTH IN ENGLISH(HONORS),UCK1166
대학교양,언어와표현,WORLD WAR TWO IN ENGLISH(HONORS),UCK1167
대학교양,언어와표현,COMMUNICATION HABITS AND TECHNIQUES FOR THOUGHTFUL ENGAGEMENT AND RAPPORT(HONORS),UCK1168
대학교양,언어와표현,언어의세계,YCF1102
대학교양,언어와표현,한문(1),YCF1201
대학교양,언어와표현,한문(2),YCF1202
대학교양,언어와표현,한문(3),YCF1203
대학교양,언어와표현,중국어(1),YCF1301
대학교양,언어와표현,중국어(2),YCF1302
대학교양,언어와표현,중국어(3),YCF1303
대학교양,언어와표현,일본어(1),YCF1351
대학교양,언어와표현,일본어(2),YCF1352
대학교양,언어와표현,일본어(3),YCF1353
대학교양,언어와표현,ENGLISH FOR HUMANITIES AND SOCIAL SCIENCES,YCF1408
대학교양,언어와표현,ENGLISH FOR BUSINESS,YCF1409
대학교양,언어와표현,ENGLISH FOR PHYSICAL SCIENCES AND ENGINEERING,YCF1410
대학교양,언어와표현,ENGLISH FOR NATURAL SCIENCES AND HEALTH SCIENCES,YCF1411
대학교양,언어와표현,ENGLISH FOR IT,YCF1412
대학교양,언어와표현,ENGLISH FOR MEDICINE,YCF1413
대학교양,언어와표현,FUNDAMENTAL ENGLISH,YCF1414
대학교양,언어와표현,ENGLISH FOR DENTISTRY,YCF1415
대학교양,언어와표현,LEARNING ENGLISH THROUGH CULTURE,YCF1416
대학교양,언어와표현,LEARNING ENGLISH THROUGH READING,YCF1417
대학교양,언어와표현,LEARNING ENGLISH THROUGH WRITING,YCF1418
대학교양,언어와표현,LOST IN TRANSLATION,YCF1419
대학교양,언어와표현,SPEECH AND PRESENTATION IN ENGLISH,YCF1420
대학교양,언어와표현,LEARNING ENGLISH THROUGH SPEAKING,YCF1422
대학교양,언어와표현,ENGLISH FOR STARTUPS,YCF1423
대학교양,언어와표현,FOOD THEORY: ENGLISH THROUGH FOOD,YCF1424
대학교양,언어와표현,CULTURAL CONNECTION THROUGH CUISINE AND ENGLISH,YCF1425
대학교양,언어와표현,INTRODUCTION OF DEBATE: THE ART OF PERSUASION AND DEBATE IN ENGLISH,YCF1426
대학교양,언어와표현,THE SCIENCE AND ART OF LEARNING,YCF1427
대학교양,언어와표현,UNDERSTANDING BUSINESS THROUGH FINANCIAL STATEMENTS,YCF1428
대학교양,언어와표현,LEARNING ENGLISH THROUGH LITERATURE,YCF1429
대학교양,언어와표현,DESIGN AND BEAUTY IN ENGLINEERING,YCF1430
대학교양,언어와표현,독일어(1),YCF1451
대학교양,언어와표현,독일어(2),YCF1452
대학교양,언어와표현,독일어(3),YCF1453
대학교양,언어와표현,프랑스어(1),YCF1501
대학교양,언어와표현,프랑스어(2),YCF1502
대학교양,언어와표현,프랑스어(3),YCF1503
대학교양,언어와표현,러시아어(1),YCF1551
대학교양,언어와표현,러시아어(2),YCF1552
대학교양,언어와표현,러시아어(3),YCF1553
대학교양,언어와표현,라틴어(1),YCF1601
대학교양,언어와표현,라틴어(2),YCF1602
대학교양,언어와표현,스페인어(1),YCF1603
대학교양,언어와표현,스페인어(2),YCF1604
대학교양,언어와표현,아랍어(1),YCF1605
대학교양,언어와표현,이탈리아어(1),YCF1607
대학교양,언어와표현,이탈리아어(2),YCF1608
대학교양,언어와표현,말하기와토론,YCF1651
대학교양,언어와표현,수어,YCF1652
대학교양,언어와표현,명예특임교수강의시리즈,YCF1998
대학교양,언어와표현,GREAT BOOKS & DEBATE,YCF1999
대학교양,가치와윤리,철학과윤리,UCB1104
대학교양,가치와윤리,철학과방법,UCG1111
대학교양,가치와윤리,페미니즘의이해,UCI1124
대학교양,가치와윤리,인문학에길을묻다,YCG1004
대학교양,가치와윤리,인지종교학:종교현상에대한인지과학적-철학적이해,YCG1103
대학교양,가치와윤리,인간의역사와미래의인간,YCG1201
대학교양,가치와윤리,소비와윤리,YCG1402
대학교양,가치와윤리,포스트휴먼시대의기독교윤리적이슈,YCG1403
대학교양,가치와윤리,젠더와성평등,YCG1601
대학교양,가치와윤리,기독교윤리와사회적책임,YCG1702
대학교양,가치와윤리,여성주의와기독교,YCG1703
대학교양,가치와윤리,기독교와서구문명,YCG1704
대학교양,가치와윤리,전생애발달과자기이해,YCG1801
대학교양,가치와윤리,행복의과학,YCG1802
대학교양,가치와윤리,"인간의감정,감정의인간",YCG1804
대학교양,가치와윤리,불교와동서문화교류,YCG1852
대학교양,가치와윤리,문명과질병,YCG1853
대학교양,가치와윤리,사랑과결혼,YCG1854
대학교양,가치와윤리,포스트시대의갈등이해와해결의논법,YCG1855
대학교양,가치와윤리,우리시대의키워드:새로운가치와윤리,YCG1856
대학교양,가치와윤리,"정의,평화,창조의보존",YCG1857
대학교양,가치와윤리,가족공동체와정상성,YCG1858
대학교양,가치와윤리,지적재산제도와경제사회,YCG1859
대학교양,가치와윤리,GREAT BOOKS & DEBATE,YCG1999
대학교양,국가와사회,현대사회와사회학,UCD1101
대학교양,국가와사회,시민사회와자원봉사,UCD1105
대학교양,국가와사회,미디어.사회.문화의이해,UCE1106
대학교양,국가와사회,법과사회질서,UCI1109
대학교양,국가와사회,현대사회와행정,YCH1203
대학교양,국가와사회,진보와보수,YCH1302
대학교양,국가와사회,대한민국의산업화와민주화,YCH1303
대학교양,국가와사회,서구도시에새겨진근대의동향,YCH1304
대학교양,국가와사회,국가와교회,YCH1305
대학교양,국가와사회,재산거래와법,YCH1601
대학교양,국가와사회,헌법의이해,YCH1602
대학교양,국가와사회,가족생활과법,YCH1603
대학교양,국가와사회,인권정책과법,YCH1604
대학교양,국가와사회,창업204:현대사회생활과지식재산의보호,YCH1605
대학교양,국가와사회,범죄와형벌,YCH1606
대학교양,국가와사회,법치국가의행정과법,YCH1607
대학교양,국가와사회,법치국가와형벌권집행,YCH1608
대학교양,국가와사회,명예특임교수강의시리즈,YCH1998
대학교양,국가와사회,GREAT BOOKS & DEBATE,YCH1999
대학교양,지역과세계,경제학입문,ECO1001
대학교양,지역과세계,경제학개론,ECO1002
대학교양,지역과세계,현대사회와경제,UCD1103
대학교양,지역과세계,현대사회의법과권리,UCD1106
대학교양,지역과세계,정보사회와디지털리터러시,UCF1101
대학교양,지역과세계,세계화시대의국제관계,UCF1104
대학교양,지역과세계,동아시아신화기행,UCG1130
대학교양,지역과세계,세계평화와발전의국제관계,YCI1002
대학교양,지역과세계,인권과세계시민주의,YCI1301
대학교양,지역과세계,중국문화의이해,YCI1701
대학교양,지역과세계,독일문화와예술,YCI1702
대학교양,지역과세계,프랑스문화와예술,YCI1703
대학교양,지역과세계,러시아문화와예술,YCI1704
대학교양,지역과세계,스페인의문화와예술,YCI1705
대학교양,지역과세계,라틴아메리카의사회와문화,YCI1706
대학교양,지역과세계,소비와패션트렌드,YCI1851
대학교양,지역과세계,글로벌리더십,YCI1853
대학교양,지역과세계,국제사회와법이야기,YCI1901
대학교양,지역과세계,아프리카의이해와외교의현장,YCI1903
대학교양,지역과세계,명예특임교수강의시리즈,YCI1998
대학교양,지역과세계,GREAT BOOKS & DEBATE,YCI1999
대학교양,논리와수리,미분적분학과벡터해석(1),MAT1001
대학교양,논리와수리,미분적분학과벡터해석(2),MAT1002
대학교양,논리와수리,공학수학(1),MAT1011
대학교양,논리와수리,공학수학(2),MAT1012
대학교양,논리와수리,핵심미적분학,MAT1015
대학교양,논리와수리,미분적분학과벡터해석(심화)(1),MAT1016
대학교양,논리와수리,미분적분학과벡터해석(심화)(2),MAT1017
대학교양,논리와수리,CALCULUS,MAT1101
대학교양,논리와수리,통계학입문,STA1001
대학교양,논리와수리,인문사회수학,UCC1111
대학교양,논리와수리,수사학과합리적소통,UCG1137
대학교양,논리와수리,수학과금융사회,YCJ1001
대학교양,논리와수리,수학과생명과학,YCJ1002
대학교양,논리와수리,머신러닝을위한기초수학,YCJ1303
대학교양,논리와수리,빅데이터속의수학,YCJ1304
대학교양,논리와수리,데이터기반의사결정과갈등관리리더십,YCJ1305
대학교양,자연과우주,일반화학및실험(1),CHE1001
대학교양,자연과우주,일반화학및실험(2),CHE1002
대학교양,자연과우주,공학화학및실험(1),CHE1011
대학교양,자연과우주,공학화학및실험(2),CHE1012
대학교양,자연과우주,GENERAL CHEMISTRY & EXPERIMENTS,CHE1101
대학교양,자연과우주,ADVANCED CHEMISTRY & EXPERIMENTS,CHE1102
대학교양,자연과우주,일반물리학및실험(1),PHY1001
대학교양,자연과우주,일반물리학및실험(2),PHY1002
대학교양,자연과우주,공학물리학및실험(1),PHY1011
대학교양,자연과우주,공학물리학및실험(2),PHY1012
대학교양,자연과우주,양자물리의세계,UCC1102
대학교양,자연과우주,물질문명의명암,UCC1103
대학교양,자연과우주,지구의생성과진화,UCC1105
대학교양,자연과우주,우주의이해,UCC1106
대학교양,자연과우주,기후와문명,UCC1107
대학교양,자연과우주,지구와우주,UCH1102
대학교양,자연과우주,지구와환경,UCH1105
대학교양,자연과우주,환경과대기,UCH1108
대학교양,자연과우주,"모든이를위한과학,자연과학의통합적이해",YCK1101
대학교양,자연과우주,천문학과우주기술,YCK1102
대학교양,자연과우주,현대문명과물질,YCK1103
대학교양,자연과우주,자연과학의역사,YCK1104
대학교양,자연과우주,기후위기의실체와리더의대응,YCK1502
대학교양,자연과우주,명예특임교수강의시리즈,YCK1998
대학교양,생명과환경,일반생물학및실험(1),BIO1001
대학교양,생명과환경,일반생물학및실험(2),BIO1002
대학교양,생명과환경,일반생물학및실험(1)(심화),BIO1008
대학교양,생명과환경,일반생물학및실험(2)(심화),BIO1009
대학교양,생명과환경,공학생물학및실험(1),BIO1011
대학교양,생명과환경,공학생물학및실험(2),BIO1012
대학교양,생명과환경,인간과동식물,BIO1013
대학교양,생명과환경,GENERAL BIOLOGY & EXPERIMENTS,BIO1101
대학교양,생명과환경,ADVANCED BIOLOGY & EXPERIMENTS,BIO1102
대학교양,생명과환경,현대생명론,UCC1104
대학교양,생명과환경,생명과학이란무엇인가,UCC1109
대학교양,생명과환경,생명과학의세계,UCC1113
대학교양,생명과환경,물질과생명,UCH1103
대학교양,생명과환경,바이오시스템과환경,UCH1104
대학교양,생명과환경,생물과인간생활,UCH1106
대학교양,생명과환경,환경재난의과학적이해,UCH1109
대학교양,생명과환경,현대인의생활영양,UCL1201
대학교양,생명과환경,활과리라:생물학과철학의창조적접점찾기,YCL1003
대학교양,생명과환경,인간관계의신경생물학적이해,YCL1004
대학교양,생명과환경,인간의삶과역사속의미생물,YCL1201
대학교양,생명과환경,삶과성,YCL1203
대학교양,생명과환경,삶과건강과학,YCL1401
대학교양,생명과환경,생명과학과삶,YCL1601
대학교양,생명과환경,뇌와나의세계-뇌인지과학의기초,YCL1602
대학교양,생명과환경,명예특임교수강의시리즈,YCL1998
대학교양,생명과환경,GREAT BOOKS & DEBATE,YCL1999
대학교양,정보와기술,컴퓨팅적사고와SW프로그래밍,YCS1001
대학교양,정보와기술,SW프로그래밍,YCS1002
대학교양,정보와기술,인공지능의이해와활용,YCS1003
대학교양,정보와기술,빅데이터와지식탐사,YCS1004
대학교양,정보와기술,ICT산업연계프로젝트,YCS1005
대학교양,정보와기술,ICT산업연계프로젝트(심화),YCS1006
대학교양,정보와기술,자동화를위한정보의측정과처리,YCS1007
대학교양,정보와기술,IoT와로보틱스,YCS1008
대학교양,정보와기술,세상을변화시키는프로그래밍,YCS1009
대학교양,정보와기술,데이터로이해하는세상,YCS1012
대학교양,정보와기술,과학적자료분석과예측,YCS1013
대학교양,정보와기술,컴퓨터시스템과피지컬컴퓨팅,YCS1102
대학교양,정보와기술,알고리즘의단계적사고,YCS1103
대학교양,정보와기술,데이터과학의이해와응용,YCS1104
대학교양,정보와기술,명예특임교수강의시리즈,YCS1998
대학교양,체육과건강,테니스,UCL1101
대학교양,체육과건강,축구,UCL1102
대학교양,체육과건강,수영,UCL1103
대학교양,체육과건강,농구,UCL1104
대학교양,체육과건강,골프,UCL1105
대학교양,체육과건강,펜싱,UCL1106
대학교양,체육과건강,배구,UCL1107
대학교양,체육과건강,호신술,UCL1108
대학교양,체육과건강,체력육성,UCL1109
대학교양,체육과건강,포크댄스,UCL1110
대학교양,체육과건강,배드민턴,UCL1111
대학교양,체육과건강,탁구,UCL1112
대학교양,체육과건강,댄스스포츠,UCL1115
대학교양,체육과건강,재즈댄스,UCL1116
대학교양,체육과건강,택견,UCL1118
대학교양,체육과건강,태권도,UCL1119
대학교양,체육과건강,요가,UCL1121
대학교양,체육과건강,수영(중급),UCL1127
대학교양,체육과건강,오리엔티어링,UCL1208
대학교양,체육과건강,힙합댄스,UCL1209
대학교양,체육과건강,풋살,UCL1210
대학교양,체육과건강,야구,UCL1214
대학교양,체육과건강,필라테스,UCL1215
대학교양,체육과건강,볼링,UCL1217
대학교양,체육과건강,하키,UCL1218
대학교양,체육과건강,파워다이어트,UCL1219
대학교양,체육과건강,라인댄스,UCL1222
대학교양,체육과건강,리듬체조,UCL1223
대학교양,체육과건강,피클볼,UCL1224
대학교양,체육과건강,바디포라이프,UCL1225
대학교양,체육과건강,발레피트니스,UCL1226
대학교양,체육과건강,스쿼시,UCL1227
대학교양,체육과건강,현대무용,UCL1228
대학교양,체육과건강,비만관리를위한식이조절과운동,UCL1229
대학교양,체육과건강,매트필라테스,UCL1230
대학교양,체육과건강,힐링요가와명상,UCL1231
대학교양,체육과건강,e-스포츠,UCL1235
대학교양,체육과건강,발레필라테스,UCL1237
대학교양,체육과건강,탭댄스기초,UCL1239
대학교양,체육과건강,복싱,UCL1240
대학교양,체육과건강,라크로스,UCL1241
대학교양,체육과건강,아티스틱스위밍,UCL1242
RC교육,사회참여(SE),사회참여(SE),UCR1015
RC교육,YONSEI RC 101,YONSEI RC 101,UCR1007
RC교육,RC 운영교과,RA리더십개발론,UCR1010
RC교육,RC 운영교과,RC자기주도활동(1),UCR1013
RC교육,RC 운영교과,RC자기주도활동(2),UCR1014
RC교육,RC 운영교과,학생자율연구1,UCR1023
자율선택,자율선택,사회혁신과기업CSR,UCI1167
자율선택,자율선택,디자인씽킹기법을통한사회혁신적진로설계,UCI1173
자율선택,자율선택,연세정신과인권,UCI1175
자율선택,자율선택,반기문과함께하는지속가능발전의이해,UCI1177
자율선택,자율선택,사회문제해결을위한융합팀워크,UCI1183
자율선택,자율선택,기업의사회적가치와사회혁신,UCI1185
자율선택,자율선택,뉴미디어시대의현장실천,UCI1189
자율선택,자율선택,사회혁신을위한문제해결실습,UCI1191
자율선택,자율선택,테크포임팩트프로젝트,UCI1194
자율선택,자율선택,지역현안해결을위한실천적사회혁신,UCI1195
자율선택,자율선택,공연예술의이해,UCI1196
자율선택,자율선택,사회봉사,UCI2001
자율선택,자율선택,연세대학합창(랩콰이어),UCJ1135
자율선택,자율선택,BOOK CLUB(1),UCK1162
자율선택,자율선택,BOOK CLUB(2),UCK1163
자율선택,자율선택,BOOK CLUB(3),UCK1164