이름,이미지파일명
김천욱,thumb_mnDFBcxGDCiwDuYdOMFV.jpg
강건욱,959da8019d105b3b9ab461b3112b3f4e.jpg
민옥기,thumb_uIdADObqrHKMUwNNcFjS.jpg
강신일,Y1000511_thum.jpg
박영필,thumb_maGSiPZMIJmaoNIwemqY.jpg
김경식,eec1cc10be36de85efc82d5af42ee8e8.jpg
백윤수,thumb_xswinvupcxOLTXjUSGem.jpg
김대은,thumb_mhpWZnlcCChgpVnljfIc.jpg
이강용,thumb_iKFlNonokNZPWiktAyGn.jpg
김석,thumb_SyPVDYDlLiHFWyBWrXil0.jpg
이상조,thumb_DdKpyPxjTOdagKJEUQTr.jpg
김영주,Y1000993_thum.jpg
이수홍,thumb_LjlMyIaGLhVfltbzAgnT.gif
김용준,Y1000832_thum.jpg
이진호,thumb_FpOkAHFQKzMSEXNsneyP.jpg
김우철,Y1001409_thum.jpg
임윤철,thumb_pMsxCOBGMgGxbeGGgEtQ.jpg
김원정,thumb_ZlIJSkdGMkFfCtvwnaaU.jpg
전광민,thumb_svrdtRtWWaVosNLJAWDx.jpg
김종백,Y1001210_thum.jpg
조강래,thumb_EJxSAntWrijFWsGQPcmd.gif
김해진,thumb_dLvbULRgDGLUKJcrjbkA.jpg
조형희,Y1000504_thum.jpg
류원형,4c975229ea608552e12a8cf27cea2b51.png
주원구,thumb_VzNwtnzKukipdAWToSex.jpg
민경민,thumb_XwHTlguOBfVUQeiVGGHl0.png
차성운,thumb_IgFMRTBfbeuHhFhiHQZE0.jpg
민병권,Y1000939_thum.jpg
최용제,thumb_DsYtneJrcPrGYsQGRdrc.jpg
박노철,Y1000840_thum.jpg
한재원,thumb_tyFzOTZaDgxrXvXGyiTi.jpg
송순호,Y1001209_thum.jpg
황정호,Y1000415_thum.jpg
신동준,Y1002390_thum.jpg
양현석,Y1000461_thum.jpg
유정훈,Y1000833_thum.jpg
윤준영,ca262541718fa0b704035e167a203f05.jpg
이남규,thumb_zIYwrlYCsJotVGeGwEiF.jpg
이종수,Y1000637_thum.jpg
이준상,cdb557bb201cd9e356d8c21ae4c7ca3a.jpg
이창훈,d2593919ab77fbd78257f7913c5c034c.jpg
이형석,thumb_uZlfISmnPvEnqCspsCLc.jpg
장용훈,ec451f23158388ca569d0e3d9fa21534.jpg
전성찬,Y1001492_thum.jpg
전흥재,Y1000613_thum.jpg
정효일,Y1001047_thum.jpg
주철민,10d7b591da70f4b10875c3d227befa95.jpg
최종은,fbb9c2b336255aa6a56ca74dc3e004b7.jpg
현재상,thumb_WNwDpFlnMLdsQuXpIQEy.jpg
홍종섭,Y1002100_thum.jpg